[{
    "menucode": "1001",
    "menuname": "公司管理",
    "menustate": "1",
    "menuico": "",
    "menurouter": "",
    "submenulist": [{
            "submenucode": "1010",
            "submenuname": "待审核",
            "submenustate": "1",
            "submenuico": "",
            "submenurouter": "/index/examine"
        },
        {
            "submenucode": "1020",
            "submenuname": "审核通过",
            "submenustate": "1",
            "submenuico": "",
            "submenurouter": "/index/examinePass"
        }, {
            "submenucode": "1030",
            "submenuname": "审核不通过",
            "submenustate": "1",
            "submenuico": "",
            "submenurouter": "/index/examineNotPass"
        }
    ]
}, {
    "menucode": "2001",
    "menuname": "保证金管理",
    "menustate": "1",
    "menuico": "",
    "menurouter": "",
    "submenulist": [{
        "submenucode": "2010",
        "submenuname": "待处理",
        "submenustate": "1",
        "submenuico": "",
        "submenurouter": ""
    }, {
        "submenucode": "2020",
        "submenuname": "已处理",
        "submenustate": "1",
        "submenuico": "",
        "submenurouter": ""
    }]
}, {
    "menucode": "3001",
    "menuname": "经纪人管理",
    "menustate": "1",
    "menuico": "",
    "menurouter": "",
    "submenulist": [{
        "submenucode": "3010",
        "submenuname": "经纪人列表",
        "submenustate": "1",
        "submenuico": "",
        "submenurouter": ""
    }, {
        "submenucode": "3020",
        "submenuname": "禁用列表",
        "submenustate": "1",
        "submenuico": "",
        "submenurouter": ""
    }]
}, {
    "menucode": "4001",
    "menuname": "委托人管理",
    "menustate": "1",
    "menuico": "",
    "menurouter": "",
    "submenulist": [{
        "submenucode": "4010",
        "submenuname": "待审核",
        "submenustate": "1",
        "submenuico": "",
        "submenurouter": ""
    }, {
        "submenucode": "4020",
        "submenuname": "审核通过",
        "submenustate": "1",
        "submenuico": "",
        "submenurouter": ""
    }, {
        "submenucode": "4030",
        "submenuname": "审核不通过",
        "submenustate": "1",
        "submenuico": "",
        "submenurouter": ""
    }, {
        "submenucode": "4040",
        "submenuname": "禁用列表",
        "submenustate": "1",
        "submenuico": "",
        "submenurouter": ""
    }]
}, {
    "menucode": "5001",
    "menuname": "项目管理",
    "menustate": "1",
    "menuico": "",
    "menurouter": "",
    "submenulist": [{
        "submenucode": "5010",
        "submenuname": "待审核",
        "submenustate": "1",
        "submenuico": "",
        "submenurouter": ""
    }, {
        "submenucode": "5020",
        "submenuname": "审核通过",
        "submenustate": "1",
        "submenuico": "",
        "submenurouter": ""
    }, {
        "submenucode": "5030",
        "submenuname": "审核不通过",
        "submenustate": "1",
        "submenuico": "",
        "submenurouter": ""
    }]
}, {
    "menucode": "6001",
    "menuname": "投诉中心",
    "menustate": "1",
    "menuico": "",
    "menurouter": "",
    "submenulist": [{
        "submenucode": "6020",
        "submenuname": "未处理",
        "submenustate": "1",
        "submenuico": "",
        "submenurouter": ""
    }, {
        "submenucode": "6030",
        "submenuname": "处理完成",
        "submenustate": "1",
        "submenuico": "",
        "submenurouter": ""
    }]
}, {
    "menucode": "7001",
    "menuname": "消息管理",
    "menustate": "1",
    "menuico": "",
    "menurouter": "",
    "submenulist": [{
        "submenucode": "7020",
        "submenuname": "未处理消息",
        "submenustate": "1",
        "submenuico": "",
        "submenurouter": ""
    }, {
        "submenucode": "7030",
        "submenuname": "已处理消息",
        "submenustate": "1",
        "submenuico": "",
        "submenurouter": ""
    }]
}, {
    "menucode": "8001",
    "menuname": "全民经纪人规则管理",
    "menustate": "1",
    "menuico": "",
    "menurouter": "",
    "submenulist": [{
        "submenucode": "8010",
        "submenuname": "待审核",
        "submenustate": "1",
        "submenuico": "",
        "submenurouter": ""
    }, {
        "submenucode": "8020",
        "submenuname": "审核通过",
        "submenustate": "1",
        "submenuico": "",
        "submenurouter": ""
    }, {
        "submenucode": "4010",
        "submenuname": "审核不通过",
        "submenustate": "1",
        "submenuico": "",
        "submenurouter": ""
    }, {
        "submenucode": "4010",
        "submenuname": "终止列表",
        "submenustate": "1",
        "submenuico": "",
        "submenurouter": ""
    }]
}, {
    "menucode": "9001",
    "menuname": "经纪人保证金管理",
    "menustate": "1",
    "menuico": "",
    "menurouter": "",
    "submenulist": [{
        "submenucode": "9010",
        "submenuname": "待审核",
        "submenustate": "1",
        "submenuico": "",
        "submenurouter": ""
    }, {
        "submenucode": "4010",
        "submenuname": "审核通过",
        "submenustate": "1",
        "submenuico": "",
        "submenurouter": ""
    }, {
        "submenucode": "4010",
        "submenuname": "审核不通过",
        "submenustate": "1",
        "submenuico": "",
        "submenurouter": ""
    }]
}]